{
  "accuracy": 0.8341463414634146,
  "confusion_matrix": [
    [
      74,
      26
    ],
    [
      8,
      97
    ]
  ],
  "classification_report": {
    "0": {
      "precision": 0.9024390243902439,
      "recall": 0.74,
      "f1-score": 0.8131868131868132,
      "support": 100.0
    },
    "1": {
      "precision": 0.7886178861788617,
      "recall": 0.9238095238095239,
      "f1-score": 0.8508771929824561,
      "support": 105.0
    },
    "accuracy": 0.8341463414634146,
    "macro avg": {
      "precision": 0.8455284552845528,
      "recall": 0.8319047619047619,
      "f1-score": 0.8320320030846347,
      "support": 205.0
    },
    "weighted avg": {
      "precision": 0.8441403926234385,
      "recall": 0.8341463414634146,
      "f1-score": 0.8324916418626302,
      "support": 205.0
    }
  },
  "roc_auc": 0.934,
  "cross_validation_accuracy": {
    "mean": 0.8517073170731708,
    "std": 0.011788337535214227,
    "scores": [
      0.8536585365853658,
      0.8731707317073171,
      0.8439024390243902,
      0.8390243902439024,
      0.848780487804878
    ]
  }
}