{
  "accuracy": 0.8536585365853658,
  "confusion_matrix": [
    [
      79,
      21
    ],
    [
      9,
      96
    ]
  ],
  "classification_report": {
    "0": {
      "precision": 0.8977272727272727,
      "recall": 0.79,
      "f1-score": 0.8404255319148937,
      "support": 100.0
    },
    "1": {
      "precision": 0.8205128205128205,
      "recall": 0.9142857142857143,
      "f1-score": 0.8648648648648649,
      "support": 105.0
    },
    "accuracy": 0.8536585365853658,
    "macro avg": {
      "precision": 0.8591200466200466,
      "recall": 0.8521428571428571,
      "f1-score": 0.8526451983898793,
      "support": 205.0
    },
    "weighted avg": {
      "precision": 0.8581784069588947,
      "recall": 0.8536585365853658,
      "f1-score": 0.8529432390356105,
      "support": 205.0
    }
  },
  "roc_auc": 0.9059047619047619,
  "cross_validation_accuracy": {
    "mean": 0.8478048780487806,
    "std": 0.02211860302196028,
    "scores": [
      0.8536585365853658,
      0.8536585365853658,
      0.8292682926829268,
      0.8829268292682927,
      0.8195121951219512
    ]
  }
}